"Data Source","World Development Indicators",

"Last Updated Date","2019-01-30",

"Country Name","Country Code","Indicator Name","Indicator Code","1960","1961","1962","1963","1964","1965","1966","1967","1968","1969","1970","1971","1972","1973","1974","1975","1976","1977","1978","1979","1980","1981","1982","1983","1984","1985","1986","1987","1988","1989","1990","1991","1992","1993","1994","1995","1996","1997","1998","1999","2000","2001","2002","2003","2004","2005","2006","2007","2008","2009","2010","2011","2012","2013","2014","2015","2016","2017","2018",
"Aruba","ABW","Plant species (higher), threatened","EN.HPT.THRD.NO","","","","","","","","","","","","","","","","","","","","","","","","","","","","","","","","","","","","","","","","","","","","","","","","","","","","","","","","","","","2",
"Afghanistan","AFG","Plant species (higher), threatened","EN.HPT.THRD.NO","","","","","","","","","","","","","","","","","","","","","","","","","","","","","","","","","","","","","","","","","","","","","","","","","","","","","","","","","","","5",
"Angola","AGO","Plant species (higher), threatened","EN.HPT.THRD.NO","","","","","","","","","","","","","","","","","","","","","","","","","","","","","","","","","","","","","","","","","","","","","","","","","","","","","","","","","","","34",
"Albania","ALB","Plant species (higher), threatened","EN.HPT.THRD.NO","","","","","","","","","","","","","","","","","","","","","","","","","","","","","","","","","","","","","","","","","","","","","","","","","","","","","","","","","","","4",
"Andorra","AND","Plant species (higher), threatened","EN.HPT.THRD.NO","","","","","","","","","","","","","","","","","","","","","","","","","","","","","","","","","","","","","","","","","","","","","","","","","","","","","","","","","","","0",
"Arab World","ARB","Plant species (higher), threatened","EN.HPT.THRD.NO","","","","","","","","","","","","","","","","","","","","","","","","","","","","","","","","","","","","","","","","","","","","","","","","","","","","","","","","","","","415",
"United Arab Emirates","ARE","Plant species (higher), threatened","EN.HPT.THRD.NO","","","","","","","","","","","","","","","","","","","","","","","","","","","","","","","","","","","","","","","","","","","","","","","","","","","","","","","","","","","0",
"Argentina","ARG","Plant species (higher), threatened","EN.HPT.THRD.NO","","","","","","","","","","","","","","","","","","","","","","","","","","","","","","","","","","","","","","","","","","","","","","","","","","","","","","","","","","","70",
"Armenia","ARM","Plant species (higher), threatened","EN.HPT.THRD.NO","","","","","","","","","","","","","","","","","","","","","","","","","","","","","","","","","","","","","","","","","","","","","","","","","","","","","","","","","","","74",
"American Samoa","ASM","Plant species (higher), threatened","EN.HPT.THRD.NO","","","","","","","","","","","","","","","","","","","","","","","","","","","","","","","","","","","","","","","","","","","","","","","","","","","","","","","","","","","1",
"Antigua and Barbuda","ATG","Plant species (higher), threatened","EN.HPT.THRD.NO","","","","","","","","","","","","","","","","","","","","","","","","","","","","","","","","","","","","","","","","","","","","","","","","","","","","","","","","","","","4",
"Australia","AUS","Plant species (higher), threatened","EN.HPT.THRD.NO","","","","","","","","","","","","","","","","","","","","","","","","","","","","","","","","","","","","","","","","","","","","","","","","","","","","","","","","","","","108",
"Austria","AUT","Plant species (higher), threatened","EN.HPT.THRD.NO","","","","","","","","","","","","","","","","","","","","","","","","","","","","","","","","","","","","","","","","","","","","","","","","","","","","","","","","","","","17",
"Azerbaijan","AZE","Plant species (higher), threatened","EN.HPT.THRD.NO","","","","","","","","","","","","","","","","","","","","","","","","","","","","","","","","","","","","","","","","","","","","","","","","","","","","","","","","","","","44",
"Burundi","BDI","Plant species (higher), threatened","EN.HPT.THRD.NO","","","","","","","","","","","","","","","","","","","","","","","","","","","","","","","","","","","","","","","","","","","","","","","","","","","","","","","","","","","89",
"Belgium","BEL","Plant species (higher), threatened","EN.HPT.THRD.NO","","","","","","","","","","","","","","","","","","","","","","","","","","","","","","","","","","","","","","","","","","","","","","","","","","","","","","","","","","","0",
"Benin","BEN","Plant species (higher), threatened","EN.HPT.THRD.NO","","","","","","","","","","","","","","","","","","","","","","","","","","","","","","","","","","","","","","","","","","","","","","","","","","","","","","","","","","","20",
"Burkina Faso","BFA","Plant species (higher), threatened","EN.HPT.THRD.NO","","","","","","","","","","","","","","","","","","","","","","","","","","","","","","","","","","","","","","","","","","","","","","","","","","","","","","","","","","","4",
"Bangladesh","BGD","Plant species (higher), threatened","EN.HPT.THRD.NO","","","","","","","","","","","","","","","","","","","","","","","","","","","","","","","","","","","","","","","","","","","","","","","","","","","","","","","","","","","23",
"Bulgaria","BGR","Plant species (higher), threatened","EN.HPT.THRD.NO","","","","","","","","","","","","","","","","","","","","","","","","","","","","","","","","","","","","","","","","","","","","","","","","","","","","","","","","","","","9",
"Bahrain","BHR","Plant species (higher), threatened","EN.HPT.THRD.NO","","","","","","","","","","","","","","","","","","","","","","","","","","","","","","","","","","","","","","","","","","","","","","","","","","","","","","","","","","","0",
"Bahamas, The","BHS","Plant species (higher), threatened","EN.HPT.THRD.NO","","","","","","","","","","","","","","","","","","","","","","","","","","","","","","","","","","","","","","","","","","","","","","","","","","","","","","","","","","","7",
"Bosnia and Herzegovina","BIH","Plant species (higher), threatened","EN.HPT.THRD.NO","","","","","","","","","","","","","","","","","","","","","","","","","","","","","","","","","","","","","","","","","","","","","","","","","","","","","","","","","","","3",
"Belarus","BLR","Plant species (higher), threatened","EN.HPT.THRD.NO","","","","","","","","","","","","","","","","","","","","","","","","","","","","","","","","","","","","","","","","","","","","","","","","","","","","","","","","","","","1",
"Belize","BLZ","Plant species (higher), threatened","EN.HPT.THRD.NO","","","","","","","","","","","","","","","","","","","","","","","","","","","","","","","","","","","","","","","","","","","","","","","","","","","","","","","","","","","46",
"Bermuda","BMU","Plant species (higher), threatened","EN.HPT.THRD.NO","","","","","","","","","","","","","","","","","","","","","","","","","","","","","","","","","","","","","","","","","","","","","","","","","","","","","","","","","","","8",
"Bolivia","BOL","Plant species (higher), threatened","EN.HPT.THRD.NO","","","","","","","","","","","","","","","","","","","","","","","","","","","","","","","","","","","","","","","","","","","","","","","","","","","","","","","","","","","106",
"Brazil","BRA","Plant species (higher), threatened","EN.HPT.THRD.NO","","","","","","","","","","","","","","","","","","","","","","","","","","","","","","","","","","","","","","","","","","","","","","","","","","","","","","","","","","","558",
"Barbados","BRB","Plant species (higher), threatened","EN.HPT.THRD.NO","","","","","","","","","","","","","","","","","","","","","","","","","","","","","","","","","","","","","","","","","","","","","","","","","","","","","","","","","","","3",
"Brunei Darussalam","BRN","Plant species (higher), threatened","EN.HPT.THRD.NO","","","","","","","","","","","","","","","","","","","","","","","","","","","","","","","","","","","","","","","","","","","","","","","","","","","","","","","","","","","127",
"Bhutan","BTN","Plant species (higher), threatened","EN.HPT.THRD.NO","","","","","","","","","","","","","","","","","","","","","","","","","","","","","","","","","","","","","","","","","","","","","","","","","","","","","","","","","","","43",
"Botswana","BWA","Plant species (higher), threatened","EN.HPT.THRD.NO","","","","","","","","","","","","","","","","","","","","","","","","","","","","","","","","","","","","","","","","","","","","","","","","","","","","","","","","","","","3",
"Central African Republic","CAF","Plant species (higher), threatened","EN.HPT.THRD.NO","","","","","","","","","","","","","","","","","","","","","","","","","","","","","","","","","","","","","","","","","","","","","","","","","","","","","","","","","","","26",
"Canada","CAN","Plant species (higher), threatened","EN.HPT.THRD.NO","","","","","","","","","","","","","","","","","","","","","","","","","","","","","","","","","","","","","","","","","","","","","","","","","","","","","","","","","","","18",
"Central Europe and the Baltics","CEB","Plant species (higher), threatened","EN.HPT.THRD.NO","","","","","","","","","","","","","","","","","","","","","","","","","","","","","","","","","","","","","","","","","","","","","","","","","","","","","","","","","","","137",
"Switzerland","CHE","Plant species (higher), threatened","EN.HPT.THRD.NO","","","","","","","","","","","","","","","","","","","","","","","","","","","","","","","","","","","","","","","","","","","","","","","","","","","","","","","","","","","4",
"Channel Islands","CHI","Plant species (higher), threatened","EN.HPT.THRD.NO","","","","","","","","","","","","","","","","","","","","","","","","","","","","","","","","","","","","","","","","","","","","","","","","","","","","","","","","","","","",
"Chile","CHL","Plant species (higher), threatened","EN.HPT.THRD.NO","","","","","","","","","","","","","","","","","","","","","","","","","","","","","","","","","","","","","","","","","","","","","","","","","","","","","","","","","","","73",
"China","CHN","Plant species (higher), threatened","EN.HPT.THRD.NO","","","","","","","","","","","","","","","","","","","","","","","","","","","","","","","","","","","","","","","","","","","","","","","","","","","","","","","","","","","593",
"Cote d'Ivoire","CIV","Plant species (higher), threatened","EN.HPT.THRD.NO","","","","","","","","","","","","","","","","","","","","","","","","","","","","","","","","","","","","","","","","","","","","","","","","","","","","","","","","","","","118",
"Cameroon","CMR","Plant species (higher), threatened","EN.HPT.THRD.NO","","","","","","","","","","","","","","","","","","","","","","","","","","","","","","","","","","","","","","","","","","","","","","","","","","","","","","","","","","","555",
"Congo, Dem. Rep.","COD","Plant species (higher), threatened","EN.HPT.THRD.NO","","","","","","","","","","","","","","","","","","","","","","","","","","","","","","","","","","","","","","","","","","","","","","","","","","","","","","","","","","","148",
"Congo, Rep.","COG","Plant species (higher), threatened","EN.HPT.THRD.NO","","","","","","","","","","","","","","","","","","","","","","","","","","","","","","","","","","","","","","","","","","","","","","","","","","","","","","","","","","","46",
"Colombia","COL","Plant species (higher), threatened","EN.HPT.THRD.NO","","","","","","","","","","","","","","","","","","","","","","","","","","","","","","","","","","","","","","","","","","","","","","","","","","","","","","","","","","","268",
"Comoros","COM","Plant species (higher), threatened","EN.HPT.THRD.NO","","","","","","","","","","","","","","","","","","","","","","","","","","","","","","","","","","","","","","","","","","","","","","","","","","","","","","","","","","","9",
"Cabo Verde","CPV","Plant species (higher), threatened","EN.HPT.THRD.NO","","","","","","","","","","","","","","","","","","","","","","","","","","","","","","","","","","","","","","","","","","","","","","","","","","","","","","","","","","","51",
"Costa Rica","CRI","Plant species (higher), threatened","EN.HPT.THRD.NO","","","","","","","","","","","","","","","","","","","","","","","","","","","","","","","","","","","","","","","","","","","","","","","","","","","","","","","","","","","143",
"Caribbean small states","CSS","Plant species (higher), threatened","EN.HPT.THRD.NO","","","","","","","","","","","","","","","","","","","","","","","","","","","","","","","","","","","","","","","","","","","","","","","","","","","","","","","","","","","412",
"Cuba","CUB","Plant species (higher), threatened","EN.HPT.THRD.NO","","","","","","","","","","","","","","","","","","","","","","","","","","","","","","","","","","","","","","","","","","","","","","","","","","","","","","","","","","","179",
"Curacao","CUW","Plant species (higher), threatened","EN.HPT.THRD.NO","","","","","","","","","","","","","","","","","","","","","","","","","","","","","","","","","","","","","","","","","","","","","","","","","","","","","","","","","","","2",
"Cayman Islands","CYM","Plant species (higher), threatened","EN.HPT.THRD.NO","","","","","","","","","","","","","","","","","","","","","","","","","","","","","","","","","","","","","","","","","","","","","","","","","","","","","","","","","","","22",
"Cyprus","CYP","Plant species (higher), threatened","EN.HPT.THRD.NO","","","","","","","","","","","","","","","","","","","","","","","","","","","","","","","","","","","","","","","","","","","","","","","","","","","","","","","","","","","22",
"Czech Republic","CZE","Plant species (higher), threatened","EN.HPT.THRD.NO","","","","","","","","","","","","","","","","","","","","","","","","","","","","","","","","","","","","","","","","","","","","","","","","","","","","","","","","","","","26",
"Germany","DEU","Plant species (higher), threatened","EN.HPT.THRD.NO","","","","","","","","","","","","","","","","","","","","","","","","","","","","","","","","","","","","","","","","","","","","","","","","","","","","","","","","","","","36",
"Djibouti","DJI","Plant species (higher), threatened","EN.HPT.THRD.NO","","","","","","","","","","","","","","","","","","","","","","","","","","","","","","","","","","","","","","","","","","","","","","","","","","","","","","","","","","","3",
"Dominica","DMA","Plant species (higher), threatened","EN.HPT.THRD.NO","","","","","","","","","","","","","","","","","","","","","","","","","","","","","","","","","","","","","","","","","","","","","","","","","","","","","","","","","","","12",
"Denmark","DNK","Plant species (higher), threatened","EN.HPT.THRD.NO","","","","","","","","","","","","","","","","","","","","","","","","","","","","","","","","","","","","","","","","","","","","","","","","","","","","","","","","","","","1",
"Dominican Republic","DOM","Plant species (higher), threatened","EN.HPT.THRD.NO","","","","","","","","","","","","","","","","","","","","","","","","","","","","","","","","","","","","","","","","","","","","","","","","","","","","","","","","","","","47",
"Algeria","DZA","Plant species (higher), threatened","EN.HPT.THRD.NO","","","","","","","","","","","","","","","","","","","","","","","","","","","","","","","","","","","","","","","","","","","","","","","","","","","","","","","","","","","22",
"East Asia & Pacific (excluding high income)","EAP","Plant species (higher), threatened","EN.HPT.THRD.NO","","","","","","","","","","","","","","","","","","","","","","","","","","","","","","","","","","","","","","","","","","","","","","","","","","","","","","","","","","","2891",
"Early-demographic dividend","EAR","Plant species (higher), threatened","EN.HPT.THRD.NO","","","","","","","","","","","","","","","","","","","","","","","","","","","","","","","","","","","","","","","","","","","","","","","","","","","","","","","","","","","6415",
"East Asia & Pacific","EAS","Plant species (higher), threatened","EN.HPT.THRD.NO","","","","","","","","","","","","","","","","","","","","","","","","","","","","","","","","","","","","","","","","","","","","","","","","","","","","","","","","","","","3799",
"Europe & Central Asia (excluding high income)","ECA","Plant species (higher), threatened","EN.HPT.THRD.NO","","","","","","","","","","","","","","","","","","","","","","","","","","","","","","","","","","","","","","","","","","","","","","","","","","","","","","","","","","","470",
"Europe & Central Asia","ECS","Plant species (higher), threatened","EN.HPT.THRD.NO","","","","","","","","","","","","","","","","","","","","","","","","","","","","","","","","","","","","","","","","","","","","","","","","","","","","","","","","","","","1306",
"Ecuador","ECU","Plant species (higher), threatened","EN.HPT.THRD.NO","","","","","","","","","","","","","","","","","","","","","","","","","","","","","","","","","","","","","","","","","","","","","","","","","","","","","","","","","","","1859",
"Egypt, Arab Rep.","EGY","Plant species (higher), threatened","EN.HPT.THRD.NO","","","","","","","","","","","","","","","","","","","","","","","","","","","","","","","","","","","","","","","","","","","","","","","","","","","","","","","","","","","8",
"Euro area","EMU","Plant species (higher), threatened","EN.HPT.THRD.NO","","","","","","","","","","","","","","","","","","","","","","","","","","","","","","","","","","","","","","","","","","","","","","","","","","","","","","","","","","","687",
"Eritrea","ERI","Plant species (higher), threatened","EN.HPT.THRD.NO","","","","","","","","","","","","","","","","","","","","","","","","","","","","","","","","","","","","","","","","","","","","","","","","","","","","","","","","","","","6",
"Spain","ESP","Plant species (higher), threatened","EN.HPT.THRD.NO","","","","","","","","","","","","","","","","","","","","","","","","","","","","","","","","","","","","","","","","","","","","","","","","","","","","","","","","","","","247",
"Estonia","EST","Plant species (higher), threatened","EN.HPT.THRD.NO","","","","","","","","","","","","","","","","","","","","","","","","","","","","","","","","","","","","","","","","","","","","","","","","","","","","","","","","","","","0",
"Ethiopia","ETH","Plant species (higher), threatened","EN.HPT.THRD.NO","","","","","","","","","","","","","","","","","","","","","","","","","","","","","","","","","","","","","","","","","","","","","","","","","","","","","","","","","","","64",
"European Union","EUU","Plant species (higher), threatened","EN.HPT.THRD.NO","","","","","","","","","","","","","","","","","","","","","","","","","","","","","","","","","","","","","","","","","","","","","","","","","","","","","","","","","","","839",
"Fragile and conflict affected situations","FCS","Plant species (higher), threatened","EN.HPT.THRD.NO","","","","","","","","","","","","","","","","","","","","","","","","","","","","","","","","","","","","","","","","","","","","","","","","","","","","","","","","","","","1410",
"Finland","FIN","Plant species (higher), threatened","EN.HPT.THRD.NO","","","","","","","","","","","","","","","","","","","","","","","","","","","","","","","","","","","","","","","","","","","","","","","","","","","","","","","","","","","2",
"Fiji","FJI","Plant species (higher), threatened","EN.HPT.THRD.NO","","","","","","","","","","","","","","","","","","","","","","","","","","","","","","","","","","","","","","","","","","","","","","","","","","","","","","","","","","","78",
"France","FRA","Plant species (higher), threatened","EN.HPT.THRD.NO","","","","","","","","","","","","","","","","","","","","","","","","","","","","","","","","","","","","","","","","","","","","","","","","","","","","","","","","","","","47",
"Faroe Islands","FRO","Plant species (higher), threatened","EN.HPT.THRD.NO","","","","","","","","","","","","","","","","","","","","","","","","","","","","","","","","","","","","","","","","","","","","","","","","","","","","","","","","","","","0",
"Micronesia, Fed. Sts.","FSM","Plant species (higher), threatened","EN.HPT.THRD.NO","","","","","","","","","","","","","","","","","","","","","","","","","","","","","","","","","","","","","","","","","","","","","","","","","","","","","","","","","","","5",
"Gabon","GAB","Plant species (higher), threatened","EN.HPT.THRD.NO","","","","","","","","","","","","","","","","","","","","","","","","","","","","","","","","","","","","","","","","","","","","","","","","","","","","","","","","","","","173",
"United Kingdom","GBR","Plant species (higher), threatened","EN.HPT.THRD.NO","","","","","","","","","","","","","","","","","","","","","","","","","","","","","","","","","","","","","","","","","","","","","","","","","","","","","","","","","","","42",
"Georgia","GEO","Plant species (higher), threatened","EN.HPT.THRD.NO","","","","","","","","","","","","","","","","","","","","","","","","","","","","","","","","","","","","","","","","","","","","","","","","","","","","","","","","","","","63",
"Ghana","GHA","Plant species (higher), threatened","EN.HPT.THRD.NO","","","","","","","","","","","","","","","","","","","","","","","","","","","","","","","","","","","","","","","","","","","","","","","","","","","","","","","","","","","119",
"Gibraltar","GIB","Plant species (higher), threatened","EN.HPT.THRD.NO","","","","","","","","","","","","","","","","","","","","","","","","","","","","","","","","","","","","","","","","","","","","","","","","","","","","","","","","","","","1",
"Guinea","GIN","Plant species (higher), threatened","EN.HPT.THRD.NO","","","","","","","","","","","","","","","","","","","","","","","","","","","","","","","","","","","","","","","","","","","","","","","","","","","","","","","","","","","70",
"Gambia, The","GMB","Plant species (higher), threatened","EN.HPT.THRD.NO","","","","","","","","","","","","","","","","","","","","","","","","","","","","","","","","","","","","","","","","","","","","","","","","","","","","","","","","","","","6",
"Guinea-Bissau","GNB","Plant species (higher), threatened","EN.HPT.THRD.NO","","","","","","","","","","","","","","","","","","","","","","","","","","","","","","","","","","","","","","","","","","","","","","","","","","","","","","","","","","","6",
"Equatorial Guinea","GNQ","Plant species (higher), threatened","EN.HPT.THRD.NO","","","","","","","","","","","","","","","","","","","","","","","","","","","","","","","","","","","","","","","","","","","","","","","","","","","","","","","","","","","98",
"Greece","GRC","Plant species (higher), threatened","EN.HPT.THRD.NO","","","","","","","","","","","","","","","","","","","","","","","","","","","","","","","","","","","","","","","","","","","","","","","","","","","","","","","","","","","72",
"Grenada","GRD","Plant species (higher), threatened","EN.HPT.THRD.NO","","","","","","","","","","","","","","","","","","","","","","","","","","","","","","","","","","","","","","","","","","","","","","","","","","","","","","","","","","","3",
"Greenland","GRL","Plant species (higher), threatened","EN.HPT.THRD.NO","","","","","","","","","","","","","","","","","","","","","","","","","","","","","","","","","","","","","","","","","","","","","","","","","","","","","","","","","","","1",
"Guatemala","GTM","Plant species (higher), threatened","EN.HPT.THRD.NO","","","","","","","","","","","","","","","","","","","","","","","","","","","","","","","","","","","","","","","","","","","","","","","","","","","","","","","","","","","120",
"Guam","GUM","Plant species (higher), threatened","EN.HPT.THRD.NO","","","","","","","","","","","","","","","","","","","","","","","","","","","","","","","","","","","","","","","","","","","","","","","","","","","","","","","","","","","5",
"Guyana","GUY","Plant species (higher), threatened","EN.HPT.THRD.NO","","","","","","","","","","","","","","","","","","","","","","","","","","","","","","","","","","","","","","","","","","","","","","","","","","","","","","","","","","","30",
"High income","HIC","Plant species (higher), threatened","EN.HPT.THRD.NO","","","","","","","","","","","","","","","","","","","","","","","","","","","","","","","","","","","","","","","","","","","","","","","","","","","","","","","","","","","2963",
"Hong Kong SAR, China","HKG","Plant species (higher), threatened","EN.HPT.THRD.NO","","","","","","","","","","","","","","","","","","","","","","","","","","","","","","","","","","","","","","","","","","","","","","","","","","","","","","","","","","","10",
"Honduras","HND","Plant species (higher), threatened","EN.HPT.THRD.NO","","","","","","","","","","","","","","","","","","","","","","","","","","","","","","","","","","","","","","","","","","","","","","","","","","","","","","","","","","","134",
"Heavily indebted poor countries (HIPC)","HPC","Plant species (higher), threatened","EN.HPT.THRD.NO","","","","","","","","","","","","","","","","","","","","","","","","","","","","","","","","","","","","","","","","","","","","","","","","","","","","","","","","","","","4055",
"Croatia","HRV","Plant species (higher), threatened","EN.HPT.THRD.NO","","","","","","","","","","","","","","","","","","","","","","","","","","","","","","","","","","","","","","","","","","","","","","","","","","","","","","","","","","","8",
"Haiti","HTI","Plant species (higher), threatened","EN.HPT.THRD.NO","","","","","","","","","","","","","","","","","","","","","","","","","","","","","","","","","","","","","","","","","","","","","","","","","","","","","","","","","","","93",
"Hungary","HUN","Plant species (higher), threatened","EN.HPT.THRD.NO","","","","","","","","","","","","","","","","","","","","","","","","","","","","","","","","","","","","","","","","","","","","","","","","","","","","","","","","","","","43",
"IBRD only","IBD","Plant species (higher), threatened","EN.HPT.THRD.NO","","","","","","","","","","","","","","","","","","","","","","","","","","","","","","","","","","","","","","","","","","","","","","","","","","","","","","","","","","","9209",
"IDA & IBRD total","IBT","Plant species (higher), threatened","EN.HPT.THRD.NO","","","","","","","","","","","","","","","","","","","","","","","","","","","","","","","","","","","","","","","","","","","","","","","","","","","","","","","","","","","14462",
"IDA total","IDA","Plant species (higher), threatened","EN.HPT.THRD.NO","","","","","","","","","","","","","","","","","","","","","","","","","","","","","","","","","","","","","","","","","","","","","","","","","","","","","","","","","","","5253",
"IDA blend","IDB","Plant species (higher), threatened","EN.HPT.THRD.NO","","","","","","","","","","","","","","","","","","","","","","","","","","","","","","","","","","","","","","","","","","","","","","","","","","","","","","","","","","","1391",
"Indonesia","IDN","Plant species (higher), threatened","EN.HPT.THRD.NO","","","","","","","","","","","","","","","","","","","","","","","","","","","","","","","","","","","","","","","","","","","","","","","","","","","","","","","","","","","458",
"IDA only","IDX","Plant species (higher), threatened","EN.HPT.THRD.NO","","","","","","","","","","","","","","","","","","","","","","","","","","","","","","","","","","","","","","","","","","","","","","","","","","","","","","","","","","","3862",
"Isle of Man","IMN","Plant species (higher), threatened","EN.HPT.THRD.NO","","","","","","","","","","","","","","","","","","","","","","","","","","","","","","","","","","","","","","","","","","","","","","","","","","","","","","","","","","","0",
"India","IND","Plant species (higher), threatened","EN.HPT.THRD.NO","","","","","","","","","","","","","","","","","","","","","","","","","","","","","","","","","","","","","","","","","","","","","","","","","","","","","","","","","","","396",
"Not classified","INX","Plant species (higher), threatened","EN.HPT.THRD.NO","","","","","","","","","","","","","","","","","","","","","","","","","","","","","","","","","","","","","","","","","","","","","","","","","","","","","","","","","","","",
"Ireland","IRL","Plant species (higher), threatened","EN.HPT.THRD.NO","","","","","","","","","","","","","","","","","","","","","","","","","","","","","","","","","","","","","","","","","","","","","","","","","","","","","","","","","","","3",
"Iran, Islamic Rep.","IRN","Plant species (higher), threatened","EN.HPT.THRD.NO","","","","","","","","","","","","","","","","","","","","","","","","","","","","","","","","","","","","","","","","","","","","","","","","","","","","","","","","","","","7",
"Iraq","IRQ","Plant species (higher), threatened","EN.HPT.THRD.NO","","","","","","","","","","","","","","","","","","","","","","","","","","","","","","","","","","","","","","","","","","","","","","","","","","","","","","","","","","","2",
"Iceland","ISL","Plant species (higher), threatened","EN.HPT.THRD.NO","","","","","","","","","","","","","","","","","","","","","","","","","","","","","","","","","","","","","","","","","","","","","","","","","","","","","","","","","","","0",
"Israel","ISR","Plant species (higher), threatened","EN.HPT.THRD.NO","","","","","","","","","","","","","","","","","","","","","","","","","","","","","","","","","","","","","","","","","","","","","","","","","","","","","","","","","","","23",
"Italy","ITA","Plant species (higher), threatened","EN.HPT.THRD.NO","","","","","","","","","","","","","","","","","","","","","","","","","","","","","","","","","","","","","","","","","","","","","","","","","","","","","","","","","","","102",
"Jamaica","JAM","Plant species (higher), threatened","EN.HPT.THRD.NO","","","","","","","","","","","","","","","","","","","","","","","","","","","","","","","","","","","","","","","","","","","","","","","","","","","","","","","","","","","215",
"Jordan","JOR","Plant species (higher), threatened","EN.HPT.THRD.NO","","","","","","","","","","","","","","","","","","","","","","","","","","","","","","","","","","","","","","","","","","","","","","","","","","","","","","","","","","","8",
"Japan","JPN","Plant species (higher), threatened","EN.HPT.THRD.NO","","","","","","","","","","","","","","","","","","","","","","","","","","","","","","","","","","","","","","","","","","","","","","","","","","","","","","","","","","","50",
"Kazakhstan","KAZ","Plant species (higher), threatened","EN.HPT.THRD.NO","","","","","","","","","","","","","","","","","","","","","","","","","","","","","","","","","","","","","","","","","","","","","","","","","","","","","","","","","","","14",
"Kenya","KEN","Plant species (higher), threatened","EN.HPT.THRD.NO","","","","","","","","","","","","","","","","","","","","","","","","","","","","","","","","","","","","","","","","","","","","","","","","","","","","","","","","","","","243",
"Kyrgyz Republic","KGZ","Plant species (higher), threatened","EN.HPT.THRD.NO","","","","","","","","","","","","","","","","","","","","","","","","","","","","","","","","","","","","","","","","","","","","","","","","","","","","","","","","","","","13",
"Cambodia","KHM","Plant species (higher), threatened","EN.HPT.THRD.NO","","","","","","","","","","","","","","","","","","","","","","","","","","","","","","","","","","","","","","","","","","","","","","","","","","","","","","","","","","","37",
"Kiribati","KIR","Plant species (higher), threatened","EN.HPT.THRD.NO","","","","","","","","","","","","","","","","","","","","","","","","","","","","","","","","","","","","","","","","","","","","","","","","","","","","","","","","","","","0",
"St. Kitts and Nevis","KNA","Plant species (higher), threatened","EN.HPT.THRD.NO","","","","","","","","","","","","","","","","","","","","","","","","","","","","","","","","","","","","","","","","","","","","","","","","","","","","","","","","","","","2",
"Korea, Rep.","KOR","Plant species (higher), threatened","EN.HPT.THRD.NO","","","","","","","","","","","","","","","","","","","","","","","","","","","","","","","","","","","","","","","","","","","","","","","","","","","","","","","","","","","31",
"Kuwait","KWT","Plant species (higher), threatened","EN.HPT.THRD.NO","","","","","","","","","","","","","","","","","","","","","","","","","","","","","","","","","","","","","","","","","","","","","","","","","","","","","","","","","","","0",
"Latin America & Caribbean (excluding high income)","LAC","Plant species (higher), threatened","EN.HPT.THRD.NO","","","","","","","","","","","","","","","","","","","","","","","","","","","","","","","","","","","","","","","","","","","","","","","","","","","","","","","","","","","4854",
"Lao PDR","LAO","Plant species (higher), threatened","EN.HPT.THRD.NO","","","","","","","","","","","","","","","","","","","","","","","","","","","","","","","","","","","","","","","","","","","","","","","","","","","","","","","","","","","56",
"Lebanon","LBN","Plant species (higher), threatened","EN.HPT.THRD.NO","","","","","","","","","","","","","","","","","","","","","","","","","","","","","","","","","","","","","","","","","","","","","","","","","","","","","","","","","","","24",
"Liberia","LBR","Plant species (higher), threatened","EN.HPT.THRD.NO","","","","","","","","","","","","","","","","","","","","","","","","","","","","","","","","","","","","","","","","","","","","","","","","","","","","","","","","","","","53",
"Libya","LBY","Plant species (higher), threatened","EN.HPT.THRD.NO","","","","","","","","","","","","","","","","","","","","","","","","","","","","","","","","","","","","","","","","","","","","","","","","","","","","","","","","","","","7",
"St. Lucia","LCA","Plant species (higher), threatened","EN.HPT.THRD.NO","","","","","","","","","","","","","","","","","","","","","","","","","","","","","","","","","","","","","","","","","","","","","","","","","","","","","","","","","","","7",
"Latin America & Caribbean","LCN","Plant species (higher), threatened","EN.HPT.THRD.NO","","","","","","","","","","","","","","","","","","","","","","","","","","","","","","","","","","","","","","","","","","","","","","","","","","","","","","","","","","","5439",
"Least developed countries: UN classification","LDC","Plant species (higher), threatened","EN.HPT.THRD.NO","","","","","","","","","","","","","","","","","","","","","","","","","","","","","","","","","","","","","","","","","","","","","","","","","","","","","","","","","","","3384",
"Low income","LIC","Plant species (higher), threatened","EN.HPT.THRD.NO","","","","","","","","","","","","","","","","","","","","","","","","","","","","","","","","","","","","","","","","","","","","","","","","","","","","","","","","","","","3113",
"Liechtenstein","LIE","Plant species (higher), threatened","EN.HPT.THRD.NO","","","","","","","","","","","","","","","","","","","","","","","","","","","","","","","","","","","","","","","","","","","","","","","","","","","","","","","","","","","0",
"Sri Lanka","LKA","Plant species (higher), threatened","EN.HPT.THRD.NO","","","","","","","","","","","","","","","","","","","","","","","","","","","","","","","","","","","","","","","","","","","","","","","","","","","","","","","","","","","297",
"Lower middle income","LMC","Plant species (higher), threatened","EN.HPT.THRD.NO","","","","","","","","","","","","","","","","","","","","","","","","","","","","","","","","","","","","","","","","","","","","","","","","","","","","","","","","","","","4074",
"Low & middle income","LMY","Plant species (higher), threatened","EN.HPT.THRD.NO","","","","","","","","","","","","","","","","","","","","","","","","","","","","","","","","","","","","","","","","","","","","","","","","","","","","","","","","","","","14147",
"Lesotho","LSO","Plant species (higher), threatened","EN.HPT.THRD.NO","","","","","","","","","","","","","","","","","","","","","","","","","","","","","","","","","","","","","","","","","","","","","","","","","","","","","","","","","","","4",
"Late-demographic dividend","LTE","Plant species (higher), threatened","EN.HPT.THRD.NO","","","","","","","","","","","","","","","","","","","","","","","","","","","","","","","","","","","","","","","","","","","","","","","","","","","","","","","","","","","4688",
"Lithuania","LTU","Plant species (higher), threatened","EN.HPT.THRD.NO","","","","","","","","","","","","","","","","","","","","","","","","","","","","","","","","","","","","","","","","","","","","","","","","","","","","","","","","","","","1",
"Luxembourg","LUX","Plant species (higher), threatened","EN.HPT.THRD.NO","","","","","","","","","","","","","","","","","","","","","","","","","","","","","","","","","","","","","","","","","","","","","","","","","","","","","","","","","","","0",
"Latvia","LVA","Plant species (higher), threatened","EN.HPT.THRD.NO","","","","","","","","","","","","","","","","","","","","","","","","","","","","","","","","","","","","","","","","","","","","","","","","","","","","","","","","","","","0",
"Macao SAR, China","MAC","Plant species (higher), threatened","EN.HPT.THRD.NO","","","","","","","","","","","","","","","","","","","","","","","","","","","","","","","","","","","","","","","","","","","","","","","","","","","","","","","","","","","0",
"St. Martin (French part)","MAF","Plant species (higher), threatened","EN.HPT.THRD.NO","","","","","","","","","","","","","","","","","","","","","","","","","","","","","","","","","","","","","","","","","","","","","","","","","","","","","","","","","","","3",
"Morocco","MAR","Plant species (higher), threatened","EN.HPT.THRD.NO","","","","","","","","","","","","","","","","","","","","","","","","","","","","","","","","","","","","","","","","","","","","","","","","","","","","","","","","","","","52",
"Monaco","MCO","Plant species (higher), threatened","EN.HPT.THRD.NO","","","","","","","","","","","","","","","","","","","","","","","","","","","","","","","","","","","","","","","","","","","","","","","","","","","","","","","","","","","1",
"Moldova","MDA","Plant species (higher), threatened","EN.HPT.THRD.NO","","","","","","","","","","","","","","","","","","","","","","","","","","","","","","","","","","","","","","","","","","","","","","","","","","","","","","","","","","","2",
"Madagascar","MDG","Plant species (higher), threatened","EN.HPT.THRD.NO","","","","","","","","","","","","","","","","","","","","","","","","","","","","","","","","","","","","","","","","","","","","","","","","","","","","","","","","","","","1111",
"Maldives","MDV","Plant species (higher), threatened","EN.HPT.THRD.NO","","","","","","","","","","","","","","","","","","","","","","","","","","","","","","","","","","","","","","","","","","","","","","","","","","","","","","","","","","","0",
"Middle East & North Africa","MEA","Plant species (higher), threatened","EN.HPT.THRD.NO","","","","","","","","","","","","","","","","","","","","","","","","","","","","","","","","","","","","","","","","","","","","","","","","","","","","","","","","","","","374",
"Mexico","MEX","Plant species (higher), threatened","EN.HPT.THRD.NO","","","","","","","","","","","","","","","","","","","","","","","","","","","","","","","","","","","","","","","","","","","","","","","","","","","","","","","","","","","484",
"Marshall Islands","MHL","Plant species (higher), threatened","EN.HPT.THRD.NO","","","","","","","","","","","","","","","","","","","","","","","","","","","","","","","","","","","","","","","","","","","","","","","","","","","","","","","","","","","0",
"Middle income","MIC","Plant species (higher), threatened","EN.HPT.THRD.NO","","","","","","","","","","","","","","","","","","","","","","","","","","","","","","","","","","","","","","","","","","","","","","","","","","","","","","","","","","","11034",
"Macedonia, FYR","MKD","Plant species (higher), threatened","EN.HPT.THRD.NO","","","","","","","","","","","","","","","","","","","","","","","","","","","","","","","","","","","","","","","","","","","","","","","","","","","","","","","","","","","4",
"Mali","MLI","Plant species (higher), threatened","EN.HPT.THRD.NO","","","","","","","","","","","","","","","","","","","","","","","","","","","","","","","","","","","","","","","","","","","","","","","","","","","","","","","","","","","12",
"Malta","MLT","Plant species (higher), threatened","EN.HPT.THRD.NO","","","","","","","","","","","","","","","","","","","","","","","","","","","","","","","","","","","","","","","","","","","","","","","","","","","","","","","","","","","4",
"Myanmar","MMR","Plant species (higher), threatened","EN.HPT.THRD.NO","","","","","","","","","","","","","","","","","","","","","","","","","","","","","","","","","","","","","","","","","","","","","","","","","","","","","","","","","","","61",
"Middle East & North Africa (excluding high income)","MNA","Plant species (higher), threatened","EN.HPT.THRD.NO","","","","","","","","","","","","","","","","","","","","","","","","","","","","","","","","","","","","","","","","","","","","","","","","","","","","","","","","","","","337",
"Montenegro","MNE","Plant species (higher), threatened","EN.HPT.THRD.NO","","","","","","","","","","","","","","","","","","","","","","","","","","","","","","","","","","","","","","","","","","","","","","","","","","","","","","","","","","","3",
"Mongolia","MNG","Plant species (higher), threatened","EN.HPT.THRD.NO","","","","","","","","","","","","","","","","","","","","","","","","","","","","","","","","","","","","","","","","","","","","","","","","","","","","","","","","","","","0",
"Northern Mariana Islands","MNP","Plant species (higher), threatened","EN.HPT.THRD.NO","","","","","","","","","","","","","","","","","","","","","","","","","","","","","","","","","","","","","","","","","","","","","","","","","","","","","","","","","","","6",
"Mozambique","MOZ","Plant species (higher), threatened","EN.HPT.THRD.NO","","","","","","","","","","","","","","","","","","","","","","","","","","","","","","","","","","","","","","","","","","","","","","","","","","","","","","","","","","","145",
"Mauritania","MRT","Plant species (higher), threatened","EN.HPT.THRD.NO","","","","","","","","","","","","","","","","","","","","","","","","","","","","","","","","","","","","","","","","","","","","","","","","","","","","","","","","","","","0",
"Mauritius","MUS","Plant species (higher), threatened","EN.HPT.THRD.NO","","","","","","","","","","","","","","","","","","","","","","","","","","","","","","","","","","","","","","","","","","","","","","","","","","","","","","","","","","","91",
"Malawi","MWI","Plant species (higher), threatened","EN.HPT.THRD.NO","","","","","","","","","","","","","","","","","","","","","","","","","","","","","","","","","","","","","","","","","","","","","","","","","","","","","","","","","","","34",
"Malaysia","MYS","Plant species (higher), threatened","EN.HPT.THRD.NO","","","","","","","","","","","","","","","","","","","","","","","","","","","","","","","","","","","","","","","","","","","","","","","","","","","","","","","","","","","727",
"North America","NAC","Plant species (higher), threatened","EN.HPT.THRD.NO","","","","","","","","","","","","","","","","","","","","","","","","","","","","","","","","","","","","","","","","","","","","","","","","","","","","","","","","","","","536",
"Namibia","NAM","Plant species (higher), threatened","EN.HPT.THRD.NO","","","","","","","","","","","","","","","","","","","","","","","","","","","","","","","","","","","","","","","","","","","","","","","","","","","","","","","","","","","27",
"New Caledonia","NCL","Plant species (higher), threatened","EN.HPT.THRD.NO","","","","","","","","","","","","","","","","","","","","","","","","","","","","","","","","","","","","","","","","","","","","","","","","","","","","","","","","","","","350",
"Niger","NER","Plant species (higher), threatened","EN.HPT.THRD.NO","","","","","","","","","","","","","","","","","","","","","","","","","","","","","","","","","","","","","","","","","","","","","","","","","","","","","","","","","","","4",
"Nigeria","NGA","Plant species (higher), threatened","EN.HPT.THRD.NO","","","","","","","","","","","","","","","","","","","","","","","","","","","","","","","","","","","","","","","","","","","","","","","","","","","","","","","","","","","205",
"Nicaragua","NIC","Plant species (higher), threatened","EN.HPT.THRD.NO","","","","","","","","","","","","","","","","","","","","","","","","","","","","","","","","","","","","","","","","","","","","","","","","","","","","","","","","","","","50",
"Netherlands","NLD","Plant species (higher), threatened","EN.HPT.THRD.NO","","","","","","","","","","","","","","","","","","","","","","","","","","","","","","","","","","","","","","","","","","","","","","","","","","","","","","","","","","","1",
"Norway","NOR","Plant species (higher), threatened","EN.HPT.THRD.NO","","","","","","","","","","","","","","","","","","","","","","","","","","","","","","","","","","","","","","","","","","","","","","","","","","","","","","","","","","","10",
"Nepal","NPL","Plant species (higher), threatened","EN.HPT.THRD.NO","","","","","","","","","","","","","","","","","","","","","","","","","","","","","","","","","","","","","","","","","","","","","","","","","","","","","","","","","","","18",
"Nauru","NRU","Plant species (higher), threatened","EN.HPT.THRD.NO","","","","","","","","","","","","","","","","","","","","","","","","","","","","","","","","","","","","","","","","","","","","","","","","","","","","","","","","","","","0",
"New Zealand","NZL","Plant species (higher), threatened","EN.HPT.THRD.NO","","","","","","","","","","","","","","","","","","","","","","","","","","","","","","","","","","","","","","","","","","","","","","","","","","","","","","","","","","","21",
"OECD members","OED","Plant species (higher), threatened","EN.HPT.THRD.NO","","","","","","","","","","","","","","","","","","","","","","","","","","","","","","","","","","","","","","","","","","","","","","","","","","","","","","","","","","","2234",
"Oman","OMN","Plant species (higher), threatened","EN.HPT.THRD.NO","","","","","","","","","","","","","","","","","","","","","","","","","","","","","","","","","","","","","","","","","","","","","","","","","","","","","","","","","","","6",
"Other small states","OSS","Plant species (higher), threatened","EN.HPT.THRD.NO","","","","","","","","","","","","","","","","","","","","","","","","","","","","","","","","","","","","","","","","","","","","","","","","","","","","","","","","","","","795",
"Pakistan","PAK","Plant species (higher), threatened","EN.HPT.THRD.NO","","","","","","","","","","","","","","","","","","","","","","","","","","","","","","","","","","","","","","","","","","","","","","","","","","","","","","","","","","","12",
"Panama","PAN","Plant species (higher), threatened","EN.HPT.THRD.NO","","","","","","","","","","","","","","","","","","","","","","","","","","","","","","","","","","","","","","","","","","","","","","","","","","","","","","","","","","","212",
"Peru","PER","Plant species (higher), threatened","EN.HPT.THRD.NO","","","","","","","","","","","","","","","","","","","","","","","","","","","","","","","","","","","","","","","","","","","","","","","","","","","","","","","","","","","328",
"Philippines","PHL","Plant species (higher), threatened","EN.HPT.THRD.NO","","","","","","","","","","","","","","","","","","","","","","","","","","","","","","","","","","","","","","","","","","","","","","","","","","","","","","","","","","","254",
"Palau","PLW","Plant species (higher), threatened","EN.HPT.THRD.NO","","","","","","","","","","","","","","","","","","","","","","","","","","","","","","","","","","","","","","","","","","","","","","","","","","","","","","","","","","","5",
"Papua New Guinea","PNG","Plant species (higher), threatened","EN.HPT.THRD.NO","","","","","","","","","","","","","","","","","","","","","","","","","","","","","","","","","","","","","","","","","","","","","","","","","","","","","","","","","","","179",
"Poland","POL","Plant species (higher), threatened","EN.HPT.THRD.NO","","","","","","","","","","","","","","","","","","","","","","","","","","","","","","","","","","","","","","","","","","","","","","","","","","","","","","","","","","","11",
"Pre-demographic dividend","PRE","Plant species (higher), threatened","EN.HPT.THRD.NO","","","","","","","","","","","","","","","","","","","","","","","","","","","","","","","","","","","","","","","","","","","","","","","","","","","","","","","","","","","3970",
"Puerto Rico","PRI","Plant species (higher), threatened","EN.HPT.THRD.NO","","","","","","","","","","","","","","","","","","","","","","","","","","","","","","","","","","","","","","","","","","","","","","","","","","","","","","","","","","","64",
"Korea, Dem. People’s Rep.","PRK","Plant species (higher), threatened","EN.HPT.THRD.NO","","","","","","","","","","","","","","","","","","","","","","","","","","","","","","","","","","","","","","","","","","","","","","","","","","","","","","","","","","","17",
"Portugal","PRT","Plant species (higher), threatened","EN.HPT.THRD.NO","","","","","","","","","","","","","","","","","","","","","","","","","","","","","","","","","","","","","","","","","","","","","","","","","","","","","","","","","","","101",
"Paraguay","PRY","Plant species (higher), threatened","EN.HPT.THRD.NO","","","","","","","","","","","","","","","","","","","","","","","","","","","","","","","","","","","","","","","","","","","","","","","","","","","","","","","","","","","20",
"West Bank and Gaza","PSE","Plant species (higher), threatened","EN.HPT.THRD.NO","","","","","","","","","","","","","","","","","","","","","","","","","","","","","","","","","","","","","","","","","","","","","","","","","","","","","","","","","","","6",
"Pacific island small states","PSS","Plant species (higher), threatened","EN.HPT.THRD.NO","","","","","","","","","","","","","","","","","","","","","","","","","","","","","","","","","","","","","","","","","","","","","","","","","","","","","","","","","","","121",
"Post-demographic dividend","PST","Plant species (higher), threatened","EN.HPT.THRD.NO","","","","","","","","","","","","","","","","","","","","","","","","","","","","","","","","","","","","","","","","","","","","","","","","","","","","","","","","","","","1807",
"French Polynesia","PYF","Plant species (higher), threatened","EN.HPT.THRD.NO","","","","","","","","","","","","","","","","","","","","","","","","","","","","","","","","","","","","","","","","","","","","","","","","","","","","","","","","","","","48",
"Qatar","QAT","Plant species (higher), threatened","EN.HPT.THRD.NO","","","","","","","","","","","","","","","","","","","","","","","","","","","","","","","","","","","","","","","","","","","","","","","","","","","","","","","","","","","0",
"Romania","ROU","Plant species (higher), threatened","EN.HPT.THRD.NO","","","","","","","","","","","","","","","","","","","","","","","","","","","","","","","","","","","","","","","","","","","","","","","","","","","","","","","","","","","7",
"Russian Federation","RUS","Plant species (higher), threatened","EN.HPT.THRD.NO","","","","","","","","","","","","","","","","","","","","","","","","","","","","","","","","","","","","","","","","","","","","","","","","","","","","","","","","","","","56",
"Rwanda","RWA","Plant species (higher), threatened","EN.HPT.THRD.NO","","","","","","","","","","","","","","","","","","","","","","","","","","","","","","","","","","","","","","","","","","","","","","","","","","","","","","","","","","","41",
"South Asia","SAS","Plant species (higher), threatened","EN.HPT.THRD.NO","","","","","","","","","","","","","","","","","","","","","","","","","","","","","","","","","","","","","","","","","","","","","","","","","","","","","","","","","","","794",
"Saudi Arabia","SAU","Plant species (higher), threatened","EN.HPT.THRD.NO","","","","","","","","","","","","","","","","","","","","","","","","","","","","","","","","","","","","","","","","","","","","","","","","","","","","","","","","","","","4",
"Sudan","SDN","Plant species (higher), threatened","EN.HPT.THRD.NO","","","","","","","","","","","","","","","","","","","","","","","","","","","","","","","","","","","","","","","","","","","","","","","","","","","","","","","","","","","17",
"Senegal","SEN","Plant species (higher), threatened","EN.HPT.THRD.NO","","","","","","","","","","","","","","","","","","","","","","","","","","","","","","","","","","","","","","","","","","","","","","","","","","","","","","","","","","","14",
"Singapore","SGP","Plant species (higher), threatened","EN.HPT.THRD.NO","","","","","","","","","","","","","","","","","","","","","","","","","","","","","","","","","","","","","","","","","","","","","","","","","","","","","","","","","","","62",
"Solomon Islands","SLB","Plant species (higher), threatened","EN.HPT.THRD.NO","","","","","","","","","","","","","","","","","","","","","","","","","","","","","","","","","","","","","","","","","","","","","","","","","","","","","","","","","","","16",
"Sierra Leone","SLE","Plant species (higher), threatened","EN.HPT.THRD.NO","","","","","","","","","","","","","","","","","","","","","","","","","","","","","","","","","","","","","","","","","","","","","","","","","","","","","","","","","","","72",
"El Salvador","SLV","Plant species (higher), threatened","EN.HPT.THRD.NO","","","","","","","","","","","","","","","","","","","","","","","","","","","","","","","","","","","","","","","","","","","","","","","","","","","","","","","","","","","33",
"San Marino","SMR","Plant species (higher), threatened","EN.HPT.THRD.NO","","","","","","","","","","","","","","","","","","","","","","","","","","","","","","","","","","","","","","","","","","","","","","","","","","","","","","","","","","","0",
"Somalia","SOM","Plant species (higher), threatened","EN.HPT.THRD.NO","","","","","","","","","","","","","","","","","","","","","","","","","","","","","","","","","","","","","","","","","","","","","","","","","","","","","","","","","","","49",
"Serbia","SRB","Plant species (higher), threatened","EN.HPT.THRD.NO","","","","","","","","","","","","","","","","","","","","","","","","","","","","","","","","","","","","","","","","","","","","","","","","","","","","","","","","","","","6",
"Sub-Saharan Africa (excluding high income)","SSA","Plant species (higher), threatened","EN.HPT.THRD.NO","","","","","","","","","","","","","","","","","","","","","","","","","","","","","","","","","","","","","","","","","","","","","","","","","","","","","","","","","","","4801",
"South Sudan","SSD","Plant species (higher), threatened","EN.HPT.THRD.NO","","","","","","","","","","","","","","","","","","","","","","","","","","","","","","","","","","","","","","","","","","","","","","","","","","","","","","","","","","","17",
"Sub-Saharan Africa","SSF","Plant species (higher), threatened","EN.HPT.THRD.NO","","","","","","","","","","","","","","","","","","","","","","","","","","","","","","","","","","","","","","","","","","","","","","","","","","","","","","","","","","","4862",
"Small states","SST","Plant species (higher), threatened","EN.HPT.THRD.NO","","","","","","","","","","","","","","","","","","","","","","","","","","","","","","","","","","","","","","","","","","","","","","","","","","","","","","","","","","","1328",
"Sao Tome and Principe","STP","Plant species (higher), threatened","EN.HPT.THRD.NO","","","","","","","","","","","","","","","","","","","","","","","","","","","","","","","","","","","","","","","","","","","","","","","","","","","","","","","","","","","49",
"Suriname","SUR","Plant species (higher), threatened","EN.HPT.THRD.NO","","","","","","","","","","","","","","","","","","","","","","","","","","","","","","","","","","","","","","","","","","","","","","","","","","","","","","","","","","","27",
"Slovak Republic","SVK","Plant species (higher), threatened","EN.HPT.THRD.NO","","","","","","","","","","","","","","","","","","","","","","","","","","","","","","","","","","","","","","","","","","","","","","","","","","","","","","","","","","","25",
"Slovenia","SVN","Plant species (higher), threatened","EN.HPT.THRD.NO","","","","","","","","","","","","","","","","","","","","","","","","","","","","","","","","","","","","","","","","","","","","","","","","","","","","","","","","","","","7",
"Sweden","SWE","Plant species (higher), threatened","EN.HPT.THRD.NO","","","","","","","","","","","","","","","","","","","","","","","","","","","","","","","","","","","","","","","","","","","","","","","","","","","","","","","","","","","5",
"Eswatini","SWZ","Plant species (higher), threatened","EN.HPT.THRD.NO","","","","","","","","","","","","","","","","","","","","","","","","","","","","","","","","","","","","","","","","","","","","","","","","","","","","","","","","","","","13",
"Sint Maarten (Dutch part)","SXM","Plant species (higher), threatened","EN.HPT.THRD.NO","","","","","","","","","","","","","","","","","","","","","","","","","","","","","","","","","","","","","","","","","","","","","","","","","","","","","","","","","","","3",
"Seychelles","SYC","Plant species (higher), threatened","EN.HPT.THRD.NO","","","","","","","","","","","","","","","","","","","","","","","","","","","","","","","","","","","","","","","","","","","","","","","","","","","","","","","","","","","61",
"Syrian Arab Republic","SYR","Plant species (higher), threatened","EN.HPT.THRD.NO","","","","","","","","","","","","","","","","","","","","","","","","","","","","","","","","","","","","","","","","","","","","","","","","","","","","","","","","","","","26",
"Turks and Caicos Islands","TCA","Plant species (higher), threatened","EN.HPT.THRD.NO","","","","","","","","","","","","","","","","","","","","","","","","","","","","","","","","","","","","","","","","","","","","","","","","","","","","","","","","","","","9",
"Chad","TCD","Plant species (higher), threatened","EN.HPT.THRD.NO","","","","","","","","","","","","","","","","","","","","","","","","","","","","","","","","","","","","","","","","","","","","","","","","","","","","","","","","","","","6",
"East Asia & Pacific (IDA & IBRD countries)","TEA","Plant species (higher), threatened","EN.HPT.THRD.NO","","","","","","","","","","","","","","","","","","","","","","","","","","","","","","","","","","","","","","","","","","","","","","","","","","","","","","","","","","","2878",
"Europe & Central Asia (IDA & IBRD countries)","TEC","Plant species (higher), threatened","EN.HPT.THRD.NO","","","","","","","","","","","","","","","","","","","","","","","","","","","","","","","","","","","","","","","","","","","","","","","","","","","","","","","","","","","489",
"Togo","TGO","Plant species (higher), threatened","EN.HPT.THRD.NO","","","","","","","","","","","","","","","","","","","","","","","","","","","","","","","","","","","","","","","","","","","","","","","","","","","","","","","","","","","13",
"Thailand","THA","Plant species (higher), threatened","EN.HPT.THRD.NO","","","","","","","","","","","","","","","","","","","","","","","","","","","","","","","","","","","","","","","","","","","","","","","","","","","","","","","","","","","159",
"Tajikistan","TJK","Plant species (higher), threatened","EN.HPT.THRD.NO","","","","","","","","","","","","","","","","","","","","","","","","","","","","","","","","","","","","","","","","","","","","","","","","","","","","","","","","","","","12",
"Turkmenistan","TKM","Plant species (higher), threatened","EN.HPT.THRD.NO","","","","","","","","","","","","","","","","","","","","","","","","","","","","","","","","","","","","","","","","","","","","","","","","","","","","","","","","","","","4",
"Latin America & the Caribbean (IDA & IBRD countries)","TLA","Plant species (higher), threatened","EN.HPT.THRD.NO","","","","","","","","","","","","","","","","","","","","","","","","","","","","","","","","","","","","","","","","","","","","","","","","","","","","","","","","","","","5108",
"Timor-Leste","TLS","Plant species (higher), threatened","EN.HPT.THRD.NO","","","","","","","","","","","","","","","","","","","","","","","","","","","","","","","","","","","","","","","","","","","","","","","","","","","","","","","","","","","2",
"Middle East & North Africa (IDA & IBRD countries)","TMN","Plant species (higher), threatened","EN.HPT.THRD.NO","","","","","","","","","","","","","","","","","","","","","","","","","","","","","","","","","","","","","","","","","","","","","","","","","","","","","","","","","","","331",
"Tonga","TON","Plant species (higher), threatened","EN.HPT.THRD.NO","","","","","","","","","","","","","","","","","","","","","","","","","","","","","","","","","","","","","","","","","","","","","","","","","","","","","","","","","","","5",
"South Asia (IDA & IBRD)","TSA","Plant species (higher), threatened","EN.HPT.THRD.NO","","","","","","","","","","","","","","","","","","","","","","","","","","","","","","","","","","","","","","","","","","","","","","","","","","","","","","","","","","","794",
"Sub-Saharan Africa (IDA & IBRD countries)","TSS","Plant species (higher), threatened","EN.HPT.THRD.NO","","","","","","","","","","","","","","","","","","","","","","","","","","","","","","","","","","","","","","","","","","","","","","","","","","","","","","","","","","","4862",
"Trinidad and Tobago","TTO","Plant species (higher), threatened","EN.HPT.THRD.NO","","","","","","","","","","","","","","","","","","","","","","","","","","","","","","","","","","","","","","","","","","","","","","","","","","","","","","","","","","","50",
"Tunisia","TUN","Plant species (higher), threatened","EN.HPT.THRD.NO","","","","","","","","","","","","","","","","","","","","","","","","","","","","","","","","","","","","","","","","","","","","","","","","","","","","","","","","","","","9",
"Turkey","TUR","Plant species (higher), threatened","EN.HPT.THRD.NO","","","","","","","","","","","","","","","","","","","","","","","","","","","","","","","","","","","","","","","","","","","","","","","","","","","","","","","","","","","113",
"Tuvalu","TUV","Plant species (higher), threatened","EN.HPT.THRD.NO","","","","","","","","","","","","","","","","","","","","","","","","","","","","","","","","","","","","","","","","","","","","","","","","","","","","","","","","","","","0",
"Tanzania","TZA","Plant species (higher), threatened","EN.HPT.THRD.NO","","","","","","","","","","","","","","","","","","","","","","","","","","","","","","","","","","","","","","","","","","","","","","","","","","","","","","","","","","","644",
"Uganda","UGA","Plant species (higher), threatened","EN.HPT.THRD.NO","","","","","","","","","","","","","","","","","","","","","","","","","","","","","","","","","","","","","","","","","","","","","","","","","","","","","","","","","","","64",
"Ukraine","UKR","Plant species (higher), threatened","EN.HPT.THRD.NO","","","","","","","","","","","","","","","","","","","","","","","","","","","","","","","","","","","","","","","","","","","","","","","","","","","","","","","","","","","22",
"Upper middle income","UMC","Plant species (higher), threatened","EN.HPT.THRD.NO","","","","","","","","","","","","","","","","","","","","","","","","","","","","","","","","","","","","","","","","","","","","","","","","","","","","","","","","","","","6960",
"Uruguay","URY","Plant species (higher), threatened","EN.HPT.THRD.NO","","","","","","","","","","","","","","","","","","","","","","","","","","","","","","","","","","","","","","","","","","","","","","","","","","","","","","","","","","","22",
"United States","USA","Plant species (higher), threatened","EN.HPT.THRD.NO","","","","","","","","","","","","","","","","","","","","","","","","","","","","","","","","","","","","","","","","","","","","","","","","","","","","","","","","","","","510",
"Uzbekistan","UZB","Plant species (higher), threatened","EN.HPT.THRD.NO","","","","","","","","","","","","","","","","","","","","","","","","","","","","","","","","","","","","","","","","","","","","","","","","","","","","","","","","","","","16",
"St. Vincent and the Grenadines","VCT","Plant species (higher), threatened","EN.HPT.THRD.NO","","","","","","","","","","","","","","","","","","","","","","","","","","","","","","","","","","","","","","","","","","","","","","","","","","","","","","","","","","","6",
"Venezuela, RB","VEN","Plant species (higher), threatened","EN.HPT.THRD.NO","","","","","","","","","","","","","","","","","","","","","","","","","","","","","","","","","","","","","","","","","","","","","","","","","","","","","","","","","","","86",
"British Virgin Islands","VGB","Plant species (higher), threatened","EN.HPT.THRD.NO","","","","","","","","","","","","","","","","","","","","","","","","","","","","","","","","","","","","","","","","","","","","","","","","","","","","","","","","","","","20",
"Virgin Islands (U.S.)","VIR","Plant species (higher), threatened","EN.HPT.THRD.NO","","","","","","","","","","","","","","","","","","","","","","","","","","","","","","","","","","","","","","","","","","","","","","","","","","","","","","","","","","","17",
"Vietnam","VNM","Plant species (higher), threatened","EN.HPT.THRD.NO","","","","","","","","","","","","","","","","","","","","","","","","","","","","","","","","","","","","","","","","","","","","","","","","","","","","","","","","","","","231",
"Vanuatu","VUT","Plant species (higher), threatened","EN.HPT.THRD.NO","","","","","","","","","","","","","","","","","","","","","","","","","","","","","","","","","","","","","","","","","","","","","","","","","","","","","","","","","","","10",
"World","WLD","Plant species (higher), threatened","EN.HPT.THRD.NO","","","","","","","","","","","","","","","","","","","","","","","","","","","","","","","","","","","","","","","","","","","","","","","","","","","","","","","","","","15735","",
"Samoa","WSM","Plant species (higher), threatened","EN.HPT.THRD.NO","","","","","","","","","","","","","","","","","","","","","","","","","","","","","","","","","","","","","","","","","","","","","","","","","","","","","","","","","","","2",
"Kosovo","XKX","Plant species (higher), threatened","EN.HPT.THRD.NO","","","","","","","","","","","","","","","","","","","","","","","","","","","","","","","","","","","","","","","","","","","","","","","","","","","","","","","","","","","",
"Yemen, Rep.","YEM","Plant species (higher), threatened","EN.HPT.THRD.NO","","","","","","","","","","","","","","","","","","","","","","","","","","","","","","","","","","","","","","","","","","","","","","","","","","","","","","","","","","","163",
"South Africa","ZAF","Plant species (higher), threatened","EN.HPT.THRD.NO","","","","","","","","","","","","","","","","","","","","","","","","","","","","","","","","","","","","","","","","","","","","","","","","","","","","","","","","","","","153",
"Zambia","ZMB","Plant species (higher), threatened","EN.HPT.THRD.NO","","","","","","","","","","","","","","","","","","","","","","","","","","","","","","","","","","","","","","","","","","","","","","","","","","","","","","","","","","","23",
"Zimbabwe","ZWE","Plant species (higher), threatened","EN.HPT.THRD.NO","","","","","","","","","","","","","","","","","","","","","","","","","","","","","","","","","","","","","","","","","","","","","","","","","","","","","","","","","","","52",
